<?xml version="1.0" encoding="UTF-8"?>
<project-private xmlns="http://www.netbeans.org/ns/project-private/1">
    <editor-bookmarks xmlns="http://www.netbeans.org/ns/editor-bookmarks/2" lastBookmarkId="0"/>
    <open-files xmlns="http://www.netbeans.org/ns/projectui-open-files/2">
        <group>
            <file>file:/C:/xampp/htdocs/e-Shop/UserInterface.php</file>
            <file>file:/C:/xampp/htdocs/e-Shop/add-newproduct.php</file>
            <file>file:/C:/xampp/htdocs/e-Shop/logout.php</file>
            <file>file:/C:/xampp/htdocs/e-Shop/newlogo.jpg</file>
            <file>file:/C:/xampp/htdocs/e-Shop/admin/newlogo.jpg</file>
            <file>file:/C:/xampp/htdocs/e-Shop/place_order_page.php</file>
            <file>file:/C:/xampp/htdocs/e-Shop/footer.php</file>
            <file>file:/C:/xampp/htdocs/e-Shop/ex.php</file>
            <file>file:/C:/xampp/htdocs/e-Shop/checkEmail.php</file>
            <file>file:/C:/xampp/htdocs/e-Shop/pimages/img1.jpg</file>
            <file>file:/C:/xampp/htdocs/e-Shop/admin/AdminRegistration.php</file>
            <file>file:/C:/xampp/htdocs/e-Shop/product_details.php</file>
            <file>file:/C:/xampp/htdocs/e-Shop/login_page.php</file>
            <file>file:/C:/xampp/htdocs/e-Shop/fashion.php</file>
            <file>file:/C:/xampp/htdocs/e-Shop/admin/ModelSpecificationForm.php</file>
            <file>file:/C:/xampp/htdocs/e-Shop/admin/adminheader.php</file>
            <file>file:/C:/xampp/htdocs/e-Shop/signup_page.php</file>
            <file>file:/C:/xampp/htdocs/e-Shop/beauty.php</file>
            <file>file:/C:/xampp/htdocs/e-Shop/session.php</file>
            <file>file:/C:/xampp/htdocs/e-Shop/mobile.php</file>
            <file>file:/C:/xampp/htdocs/e-Shop/admin/add_newproduct.php</file>
            <file>file:/C:/xampp/htdocs/e-Shop/changepassword.php</file>
            <file>file:/C:/xampp/htdocs/e-Shop/admin/footer.php</file>
            <file>file:/C:/xampp/htdocs/e-Shop/admin/AdminInterface.php</file>
            <file>file:/C:/xampp/htdocs/e-Shop/header.php</file>
            <file>file:/C:/xampp/htdocs/e-Shop/order.php</file>
            <file>file:/C:/xampp/htdocs/e-Shop/tv.php</file>
            <file>file:/C:/xampp/htdocs/e-Shop/change_password.php</file>
        </group>
    </open-files>
</project-private>
